retention_action,customers,churn_rate,avg_churn_score,value_at_risk
Service recovery call,387,0.27648578811369506,25.046511627906977,118385.18
Salary switch or current account offer,1305,0.25210727969348656,24.001532567049807,392897.29
Product deepening offer,506,0.19367588932806323,15.059288537549406,129700.35
Digital engagement campaign,223,0.17488789237668162,9.390134529147982,48141.4
Monitor,1076,0.09107806691449814,1.1022304832713754,128677.17
Financial wellbeing support,3,0.0,10.666666666666666,0.0
