churn_risk_band,customers,churn_rate,avg_balance,value_at_risk
High churn risk,158,0.44936708860759494,1138.923987341772,84417.53
Medium churn risk,1041,0.27953890489913547,1285.8148895292989,326701.02
Low churn risk,2301,0.13428943937418514,1251.6151542807477,406682.84
