customer_segment,customers,churn_rate,avg_churn_score,avg_balance,value_at_risk
SME owner,300,0.20333333333333334,14.773333333333333,964.8537,67850.79
Affluent,528,0.20075757575757575,14.522727272727273,2911.6449621212123,281287.46
Young professional,580,0.19310344827586207,15.5,1028.4003793103448,109290.62
Student,430,0.19069767441860466,14.395348837209303,935.0521627906977,74430.99
Mass,1662,0.1865222623345367,14.841756919374248,946.5105054151625,284941.53
